<?xml version="1.0" encoding="utf-8" standalone="yes"?>
<rss version="2.0" xmlns:atom="http://www.w3.org/2005/Atom">
  <channel>
    <title>Accueil on transition.eco</title>
    <link>https://transition.eco/en-us/</link>
    <description>Recent content in Accueil on transition.eco</description>
    <generator>Hugo -- gohugo.io</generator>
    <language>en-us</language>
    <lastBuildDate>Sun, 01 Jan 2023 08:00:00 -0700</lastBuildDate><atom:link href="https://transition.eco/en-us/index.xml" rel="self" type="application/rss+xml" />
    <item>
      <title>Analyser</title>
      <link>https://transition.eco/en-us/services/analyze/</link>
      <pubDate>Sun, 01 Jan 2023 08:00:00 -0700</pubDate>
      
      <guid>https://transition.eco/en-us/services/analyze/</guid>
      <description>Analyser quantitativement les impacts environnementaux de vos produits, services, processus, événements, sites, etc. Notre approche se base sur la méthode de l’analyse de cycles de vie (ACV), qui permet une analyse factuelle des impacts sur l’environnement. Les résultats d’une telle étude sont par exemple émis en kg CO2e par produit, service, processus ou site.</description>
    </item>
    
    <item>
      <title>Project 01</title>
      <link>https://transition.eco/en-us/projects/2023-swiss-festivals/</link>
      <pubDate>Sun, 01 Jan 2023 08:00:00 -0700</pubDate>
      
      <guid>https://transition.eco/en-us/projects/2023-swiss-festivals/</guid>
      <description>Summary of Project 01</description>
    </item>
    
    <item>
      <title>Informer</title>
      <link>https://transition.eco/en-us/services/inform/</link>
      <pubDate>Sun, 01 Jan 2023 08:00:00 -0700</pubDate>
      
      <guid>https://transition.eco/en-us/services/inform/</guid>
      <description>La prise de conscience de l’urgence environnementale pousse notre société à se remettre en question, à se réinventer. Beaucoup de décisions sont et doivent encore être prises et il peut être difficile de garder une vue d’ensemble sur ce qui se passe. Nous vous proposons de vous aider à y voir plus clair et à comprendre quelles sont les efforts mis en place dans votre secteur d’activité.</description>
    </item>
    
    <item>
      <title>Project 02</title>
      <link>https://transition.eco/en-us/projects/2023-cas-corporate-sustainability/</link>
      <pubDate>Sun, 01 Jan 2023 08:00:00 -0700</pubDate>
      
      <guid>https://transition.eco/en-us/projects/2023-cas-corporate-sustainability/</guid>
      <description>Summary of Project 02</description>
    </item>
    
    <item>
      <title>Former</title>
      <link>https://transition.eco/en-us/services/train/</link>
      <pubDate>Sun, 01 Jan 2023 08:00:00 -0700</pubDate>
      
      <guid>https://transition.eco/en-us/services/train/</guid>
      <description>Les émissions de CO2 sont partout, tout le monde en parle. Mais qu’est-ce que cela signifie vraiment ? Et pourquoi est-ce qu’il s’agit du CO2 et pas d’un autre élément ? Afin de mieux comprendre les impacts environnementaux et ainsi de prendre des décisions fondées, nous vous aidons à y voir plus clair et à comprendre comment les méthodes de calculs d’impacts fonctionnent.</description>
    </item>
    
    <item>
      <title>Contact</title>
      <link>https://transition.eco/en-us/contact/</link>
      <pubDate>Sun, 01 Jan 2023 08:00:00 -0700</pubDate>
      
      <guid>https://transition.eco/en-us/contact/</guid>
      <description></description>
    </item>
    
    <item>
      <title>Portrait</title>
      <link>https://transition.eco/en-us/portrait/</link>
      <pubDate>Sun, 01 Jan 2023 08:00:00 -0700</pubDate>
      
      <guid>https://transition.eco/en-us/portrait/</guid>
      <description>EN-US Le bureau de conseil TRANSITION accompagne les acteurs et actrices des domaines privés et publiques dans leurs démarches pour une société plus durable. Les conseils sont basés sur des modélisations qui permettent de prendre des décisions fondées, concrètes et rationnelles.
Transition Le bureau de conseils propose une offre de services transparente, sincère et respectueuse des attentes. Les conseils sont basés sur une approche collaborative et la modélisation du sujet de l’étude par le biais de l’analyse de cycle de vie (ACV), une méthode scientifique permettant une analyse quantitative des impacts sur l’environnements d’un produit, d’un service, d’un évéenement, d’une entreprise, etc.</description>
    </item>
    
  </channel>
</rss>
