<?xml version="1.0" encoding="utf-8" standalone="yes"?>
<rss version="2.0" xmlns:atom="http://www.w3.org/2005/Atom">
  <channel>
    <title>Accueil on transition.eco</title>
    <link>https://transition.eco/fr-ch/</link>
    <description>Recent content in Accueil on transition.eco</description>
    <generator>Hugo -- gohugo.io</generator>
    <language>fr-CH</language>
    <lastBuildDate>Sun, 01 Jan 2023 08:00:00 -0700</lastBuildDate><atom:link href="https://transition.eco/fr-ch/index.xml" rel="self" type="application/rss+xml" />
    <item>
      <title>2023 / Swiss Festivals</title>
      <link>https://transition.eco/fr-ch/projects/2023-swiss-festivals/</link>
      <pubDate>Sun, 01 Jan 2023 08:00:00 -0700</pubDate>
      
      <guid>https://transition.eco/fr-ch/projects/2023-swiss-festivals/</guid>
      <description>En 2022, Transition a élaboré un modèle pour le calcul des émissions de CO2-équivalents des festivals de musique en Suisse.</description>
    </item>
    
    <item>
      <title>Analyser</title>
      <link>https://transition.eco/fr-ch/services/analyze/</link>
      <pubDate>Sun, 01 Jan 2023 08:00:00 -0700</pubDate>
      
      <guid>https://transition.eco/fr-ch/services/analyze/</guid>
      <description>Analyser quantitativement les impacts environnementaux de vos produits, services, processus, événements, sites, etc. Notre approche se base sur la méthode de l’analyse de cycle de vie (ACV), qui permet une analyse factuelle des impacts sur l’environnement. Les résultats d’une telle étude sont par exemple émis en équivalents de CO2 (kg CO2e) par produit, service, processus ou site.</description>
    </item>
    
    <item>
      <title>2023 / CAS Corporate sustainability</title>
      <link>https://transition.eco/fr-ch/projects/2023-cas-corporate-sustainability/</link>
      <pubDate>Sun, 01 Jan 2023 08:00:00 -0700</pubDate>
      
      <guid>https://transition.eco/fr-ch/projects/2023-cas-corporate-sustainability/</guid>
      <description>Pour la deuxième année consécutive, Transition a pu participer activement au CAS &amp;ldquo;durabilité entrepreneuriale&amp;rdquo;.</description>
    </item>
    
    <item>
      <title>Informer</title>
      <link>https://transition.eco/fr-ch/services/inform/</link>
      <pubDate>Sun, 01 Jan 2023 08:00:00 -0700</pubDate>
      
      <guid>https://transition.eco/fr-ch/services/inform/</guid>
      <description>La prise de conscience de l’urgence environnementale pousse notre société à se remettre en question, à se réinventer. Beaucoup de décisions sont et doivent encore être prises et il peut être difficile de garder une vue d’ensemble sur ce qui se passe. Nous vous proposons de vous aider à y voir plus clair et à comprendre quels sont les efforts mis en place dans votre secteur d’activité.</description>
    </item>
    
    <item>
      <title>Former</title>
      <link>https://transition.eco/fr-ch/services/train/</link>
      <pubDate>Sun, 01 Jan 2023 08:00:00 -0700</pubDate>
      
      <guid>https://transition.eco/fr-ch/services/train/</guid>
      <description>Les émissions de CO2 sont partout, tout le monde en parle. Mais qu’est-ce que cela signifie vraiment ? Et pourquoi est-ce qu’il s’agit du CO2 et pas d’un autre élément ? Afin de mieux comprendre les impacts environnementaux et ainsi de prendre des décisions fondées, nous vous aidons à y voir plus clair et à comprendre comment les méthodes de calculs d’impacts fonctionnent.</description>
    </item>
    
    <item>
      <title>Contact</title>
      <link>https://transition.eco/fr-ch/contact/</link>
      <pubDate>Sun, 01 Jan 2023 08:00:00 -0700</pubDate>
      
      <guid>https://transition.eco/fr-ch/contact/</guid>
      <description>Léonard Marchand
leonard[at]transition.eco
+41799449271</description>
    </item>
    
    <item>
      <title>Transition</title>
      <link>https://transition.eco/fr-ch/portrait/</link>
      <pubDate>Sun, 01 Jan 2023 08:00:00 -0700</pubDate>
      
      <guid>https://transition.eco/fr-ch/portrait/</guid>
      <description>Le bureau de conseil Transition accompagne les acteurs et actrices des domaines privés et publiques dans leurs démarches pour une société plus durable. Les conseils sont basés sur des modélisations qui permettent de prendre des décisions fondées, concrètes et rationnelles.
L&amp;rsquo;offre de services est transparente, sincère et respectueuse des attentes. Les conseils sont basés sur une approche collaborative et la modélisation du sujet de l’étude par le biais de l’analyse de cycle de vie (ACV), une méthode scientifique permettant une analyse quantitative des impacts sur l’environnements d’un produit, d’un service, d’un évènement, d’une entreprise, etc.</description>
    </item>
    
  </channel>
</rss>
