<?xml version="1.0" encoding="utf-8" standalone="yes"?>
<rss version="2.0" xmlns:atom="http://www.w3.org/2005/Atom">
  <channel>
    <title>Categories on transition.eco</title>
    <link>https://transition.eco/de-ch/categories/</link>
    <description>Recent content in Categories on transition.eco</description>
    <generator>Hugo -- gohugo.io</generator>
    <language>de-CH</language><atom:link href="https://transition.eco/de-ch/categories/index.xml" rel="self" type="application/rss+xml" />
  </channel>
</rss>
