<?xml version="1.0" encoding="utf-8" standalone="yes"?>
<rss version="2.0" xmlns:atom="http://www.w3.org/2005/Atom">
  <channel>
    <title>Projects on transition.eco</title>
    <link>https://transition.eco/en-us/projects/</link>
    <description>Recent content in Projects on transition.eco</description>
    <generator>Hugo -- gohugo.io</generator>
    <language>en-us</language>
    <lastBuildDate>Sun, 01 Jan 2023 08:00:00 -0700</lastBuildDate><atom:link href="https://transition.eco/en-us/projects/index.xml" rel="self" type="application/rss+xml" />
    <item>
      <title>Project 01</title>
      <link>https://transition.eco/en-us/projects/2023-swiss-festivals/</link>
      <pubDate>Sun, 01 Jan 2023 08:00:00 -0700</pubDate>
      
      <guid>https://transition.eco/en-us/projects/2023-swiss-festivals/</guid>
      <description>Summary of Project 01</description>
    </item>
    
    <item>
      <title>Project 02</title>
      <link>https://transition.eco/en-us/projects/2023-cas-corporate-sustainability/</link>
      <pubDate>Sun, 01 Jan 2023 08:00:00 -0700</pubDate>
      
      <guid>https://transition.eco/en-us/projects/2023-cas-corporate-sustainability/</guid>
      <description>Summary of Project 02</description>
    </item>
    
  </channel>
</rss>
