<?xml version="1.0" encoding="utf-8" standalone="yes"?>
<rss version="2.0" xmlns:atom="http://www.w3.org/2005/Atom">
  <channel>
    <title>Projets on transition.eco</title>
    <link>https://transition.eco/fr-ch/projects/</link>
    <description>Recent content in Projets on transition.eco</description>
    <generator>Hugo -- gohugo.io</generator>
    <language>fr-CH</language>
    <lastBuildDate>Sun, 01 Jan 2023 08:00:00 -0700</lastBuildDate><atom:link href="https://transition.eco/fr-ch/projects/index.xml" rel="self" type="application/rss+xml" />
    <item>
      <title>2023 / Swiss Festivals</title>
      <link>https://transition.eco/fr-ch/projects/2023-swiss-festivals/</link>
      <pubDate>Sun, 01 Jan 2023 08:00:00 -0700</pubDate>
      
      <guid>https://transition.eco/fr-ch/projects/2023-swiss-festivals/</guid>
      <description>En 2022, Transition a élaboré un modèle pour le calcul des émissions de CO2-équivalents des festivals de musique en Suisse.</description>
    </item>
    
    <item>
      <title>2023 / CAS Corporate sustainability</title>
      <link>https://transition.eco/fr-ch/projects/2023-cas-corporate-sustainability/</link>
      <pubDate>Sun, 01 Jan 2023 08:00:00 -0700</pubDate>
      
      <guid>https://transition.eco/fr-ch/projects/2023-cas-corporate-sustainability/</guid>
      <description>Pour la deuxième année consécutive, Transition a pu participer activement au CAS &amp;ldquo;durabilité entrepreneuriale&amp;rdquo;.</description>
    </item>
    
  </channel>
</rss>
