<?xml version="1.0" encoding="utf-8" standalone="yes"?>
<rss version="2.0" xmlns:atom="http://www.w3.org/2005/Atom">
  <channel>
    <title>Projekte on transition.eco</title>
    <link>https://transition.eco/de-ch/projects/</link>
    <description>Recent content in Projekte on transition.eco</description>
    <generator>Hugo -- gohugo.io</generator>
    <language>de-CH</language>
    <lastBuildDate>Sun, 01 Jan 2023 08:00:00 -0700</lastBuildDate><atom:link href="https://transition.eco/de-ch/projects/index.xml" rel="self" type="application/rss+xml" />
    <item>
      <title>2023 / Musikfestivals</title>
      <link>https://transition.eco/de-ch/projects/2023-swiss-festivals/</link>
      <pubDate>Sun, 01 Jan 2023 08:00:00 -0700</pubDate>
      
      <guid>https://transition.eco/de-ch/projects/2023-swiss-festivals/</guid>
      <description>In Zusammenarbeit mit Acting Responsibly hat das Beratungsbüro Transition ein Model entwickelt, um die Emissionen von CO2-Äquivalenten der Festivals über ein Jahr zu quantifizieren.</description>
    </item>
    
    <item>
      <title>2023 / CAS Unternehmerische Nachhaltigkeit</title>
      <link>https://transition.eco/de-ch/projects/2023-cas-corporate-sustainability/</link>
      <pubDate>Sun, 01 Jan 2023 08:00:00 -0700</pubDate>
      
      <guid>https://transition.eco/de-ch/projects/2023-cas-corporate-sustainability/</guid>
      <description>Für das zweite Jahr in Folge konnte das Beratungsbüro Transition die Methode der Ökobilanzierung am CAS &amp;ldquo;Unternehmerische Nachhaltigkeit&amp;rdquo; der Universität Bern präsentieren.</description>
    </item>
    
  </channel>
</rss>
